{"accuracy": [0.8222929835319519, 0.8343949317932129, 0.831210196018219, 0.8082802295684814, 0.8337579369544983, 0.8452229499816895, 0.8292993903160095, 0.8146497011184692, 0.8414012789726257, 0.8382165431976318, 0.8464968204498291, 0.8535031676292419, 0.8681528568267822, 0.8503184914588928, 0.8675159215927124, 0.8605095744132996, 0.8630573153495789, 0.8707006573677063, 0.8815286755561829, 0.8796178102493286, 0.8815286755561829, 0.8898088932037354, 0.8764331340789795, 0.8515923619270325, 0.8700637221336365, 0.8789808750152588, 0.878343939781189, 0.8605095744132996, 0.8840764164924622, 0.8605095744132996], "loss": [0.4086216688156128, 0.3908398747444153, 0.3983944356441498, 0.42920589447021484, 0.3707631230354309, 0.3612060248851776, 0.3816417455673218, 0.39667829871177673, 0.38441839814186096, 0.37376922369003296, 0.36054855585098267, 0.3432546555995941, 0.331821084022522, 0.35224783420562744, 0.32412275671958923, 0.3261621296405792, 0.3277180790901184, 0.3181554675102234, 0.2971319556236267, 0.2852168381214142, 0.2950275242328644, 0.28825950622558594, 0.2993200421333313, 0.35492029786109924, 0.31199827790260315, 0.29918864369392395, 0.2988619804382324, 0.31623706221580505, 0.2861209213733673, 0.33242687582969666], "val_accuracy": [0.8149999976158142, 0.8349999785423279, 0.6850000023841858, 0.824999988079071, 0.8224999904632568, 0.824999988079071, 0.8349999785423279, 0.8125, 0.8149999976158142, 0.8525000214576721, 0.8424999713897705, 0.7975000143051147, 0.7825000286102295, 0.8100000023841858, 0.8575000166893005, 0.8149999976158142, 0.8274999856948853, 0.8299999833106995, 0.8174999952316284, 0.8399999737739563, 0.8349999785423279, 0.8100000023841858, 0.8025000095367432, 0.8575000166893005, 0.8399999737739563, 0.824999988079071, 0.8424999713897705, 0.8399999737739563, 0.824999988079071, 0.8374999761581421], "val_loss": [0.411464661359787, 0.40732452273368835, 1.218021273612976, 0.3958911597728729, 0.3893675208091736, 0.39538106322288513, 0.34794673323631287, 0.416787326335907, 0.412414014339447, 0.34025803208351135, 0.3549984395503998, 0.5109356045722961, 0.47323188185691833, 0.45607149600982666, 0.3490043580532074, 0.41015610098838806, 0.39866870641708374, 0.37446457147598267, 0.41529855132102966, 0.3970489203929901, 0.3778347373008728, 0.4776238203048706, 0.6162993907928467, 0.35966336727142334, 0.37758374214172363, 0.3832508325576782, 0.43109390139579773, 0.39949944615364075, 0.4268314242362976, 0.3658868372440338]}