{"accuracy": [0.9261146783828735, 0.92165607213974, 0.9261146783828735, 0.9331210255622864, 0.9337579607963562, 0.9363057613372803, 0.9433121085166931, 0.9363057613372803, 0.9318471550941467, 0.9375796318054199, 0.946496844291687, 0.9229299426078796, 0.940764307975769, 0.934394896030426, 0.9522293210029602, 0.9363057613372803, 0.9305732250213623, 0.9452229142189026, 0.9439490437507629, 0.9420382380485535], "loss": [0.19500133395195007, 0.20110613107681274, 0.19418996572494507, 0.1855720430612564, 0.1821860522031784, 0.17473016679286957, 0.16271378099918365, 0.18117490410804749, 0.18447516858577728, 0.15501832962036133, 0.1435355842113495, 0.18568465113639832, 0.17087960243225098, 0.17442820966243744, 0.14231786131858826, 0.17660216987133026, 0.1770559698343277, 0.15791864693164825, 0.146318718791008, 0.16767993569374084], "val_accuracy": [0.8500000238418579, 0.8500000238418579, 0.8500000238418579, 0.862500011920929, 0.875, 0.8575000166893005, 0.8450000286102295, 0.8349999785423279, 0.8675000071525574, 0.8675000071525574, 0.8475000262260437, 0.8700000047683716, 0.875, 0.8700000047683716, 0.8600000143051147, 0.8575000166893005, 0.8525000214576721, 0.8475000262260437, 0.875, 0.8550000190734863], "val_loss": [0.4744303822517395, 0.4681674540042877, 0.4353143274784088, 0.38019856810569763, 0.3915867209434509, 0.4043070673942566, 0.5007833242416382, 0.5271826386451721, 0.40125203132629395, 0.4379022717475891, 0.45143601298332214, 0.3967903256416321, 0.4206826388835907, 0.4086369276046753, 0.5079542398452759, 0.4067857265472412, 0.42458397150039673, 0.5096516013145447, 0.48631739616394043, 0.4248693883419037]}