{"accuracy": [0.5493589639663696, 0.6217948794364929, 0.678205132484436, 0.7153846025466919, 0.754487156867981, 0.7647435665130615, 0.767307698726654, 0.7788461446762085, 0.7942307591438293, 0.7916666865348816, 0.8025640845298767, 0.7903845906257629, 0.7993589639663696, 0.8115384578704834, 0.8141025900840759, 0.803205132484436, 0.8141025900840759, 0.8096153736114502, 0.8205128312110901, 0.8301281929016113, 0.8275641202926636, 0.8410256505012512, 0.8333333134651184, 0.8442307710647583, 0.8410256505012512, 0.8416666388511658, 0.8602564334869385, 0.8602564334869385, 0.853205144405365, 0.860897421836853], "loss": [0.6904924511909485, 0.6576752662658691, 0.6023737192153931, 0.5426614284515381, 0.5065407752990723, 0.48786965012550354, 0.4744914472103119, 0.47727105021476746, 0.45527997612953186, 0.45445573329925537, 0.44135811924934387, 0.4527759552001953, 0.44206541776657104, 0.42383840680122375, 0.4290520250797272, 0.44094598293304443, 0.41582387685775757, 0.4082552492618561, 0.4051007926464081, 0.3962308168411255, 0.38920122385025024, 0.3804377615451813, 0.3818907141685486, 0.3647177219390869, 0.37234097719192505, 0.3622063398361206, 0.33789190649986267, 0.3451365828514099, 0.34557732939720154, 0.3312537670135498], "val_accuracy": [0.6927083134651184, 0.7005208134651184, 0.7682291865348816, 0.7916666865348816, 0.7890625, 0.828125, 0.7447916865348816, 0.8020833134651184, 0.8125, 0.8125, 0.8125, 0.8098958134651184, 0.8333333134651184, 0.84375, 0.8255208134651184, 0.8255208134651184, 0.8307291865348816, 0.8255208134651184, 0.8411458134651184, 0.8307291865348816, 0.8359375, 0.8411458134651184, 0.84375, 0.8307291865348816, 0.8567708134651184, 0.8385416865348816, 0.828125, 0.84375, 0.8515625, 0.8333333134651184], "val_loss": [0.6762169003486633, 0.5781418681144714, 0.5023940205574036, 0.4535481035709381, 0.4449871778488159, 0.41035351157188416, 0.5071477293968201, 0.4277532994747162, 0.4190530776977539, 0.4054901599884033, 0.39561447501182556, 0.4156804382801056, 0.37391284108161926, 0.3670072853565216, 0.3756527900695801, 0.3817605674266815, 0.3760494291782379, 0.3887704312801361, 0.3750086724758148, 0.3743496239185333, 0.37343788146972656, 0.36984148621559143, 0.37457260489463806, 0.3965955078601837, 0.35298576951026917, 0.36740222573280334, 0.39992132782936096, 0.3674604892730713, 0.33896562457084656, 0.38151323795318604]}