{"accuracy": [0.5666666626930237, 0.5955128073692322, 0.5884615182876587, 0.6064102649688721, 0.6147435903549194, 0.6211538314819336, 0.6480769515037537, 0.6525641083717346, 0.6692307591438293, 0.6673076748847961, 0.6891025900840759, 0.6705127954483032, 0.6871795058250427, 0.6769230961799622, 0.6884615421295166, 0.6814102530479431, 0.6897435784339905, 0.692307710647583, 0.6846153736114502, 0.696794867515564, 0.7121794819831848, 0.7070512771606445, 0.7057692408561707, 0.7134615182876587, 0.7192307710647583, 0.7121794819831848, 0.7134615182876587, 0.718589723110199, 0.7352564334869385, 0.7243589758872986], "loss": [0.6867109537124634, 0.6698783040046692, 0.6681658625602722, 0.6582363247871399, 0.6480162143707275, 0.6388519406318665, 0.6171446442604065, 0.6240449547767639, 0.6025816202163696, 0.6031928062438965, 0.5784860849380493, 0.5805593132972717, 0.5690568685531616, 0.5687117576599121, 0.5743210911750793, 0.586836576461792, 0.5618607997894287, 0.5654958486557007, 0.5661831498146057, 0.572151780128479, 0.5512686967849731, 0.547401487827301, 0.5466285347938538, 0.5427241325378418, 0.5387514233589172, 0.5383813381195068, 0.5375894904136658, 0.527576208114624, 0.5226816534996033, 0.5153860449790955], "val_accuracy": [0.7265625, 0.5104166865348816, 0.71875, 0.7265625, 0.6927083134651184, 0.734375, 0.7395833134651184, 0.7395833134651184, 0.7057291865348816, 0.7630208134651184, 0.7604166865348816, 0.7473958134651184, 0.765625, 0.7317708134651184, 0.7421875, 0.75, 0.7578125, 0.7369791865348816, 0.7526041865348816, 0.7630208134651184, 0.7708333134651184, 0.78125, 0.7421875, 0.7682291865348816, 0.7630208134651184, 0.7135416865348816, 0.7395833134651184, 0.7421875, 0.7109375, 0.7291666865348816], "val_loss": [0.6471150517463684, 0.638676106929779, 0.5971853137016296, 0.5871545076370239, 0.6060035824775696, 0.5659129023551941, 0.5399037003517151, 0.5550979375839233, 0.5350451469421387, 0.5097265243530273, 0.5202911496162415, 0.5041173100471497, 0.5179656147956848, 0.5297541618347168, 0.5452242493629456, 0.5145412087440491, 0.4906074106693268, 0.4911736249923706, 0.4928401708602905, 0.5076705813407898, 0.4997367858886719, 0.4841080605983734, 0.47689124941825867, 0.46885231137275696, 0.474982887506485, 0.49915215373039246, 0.5057520270347595, 0.48034438490867615, 0.5208097100257874, 0.5414602160453796]}